disbursementId,beneficiaryId,amount,currency,disbursementDate,programCode,paymentChannel,status,referenceNumber,remarks
DISB-3001,BEN-3001,25000.00,INR,2024-03-01T10:00:00.000Z,SCHEME-AGRI-2024,Direct Transfer,Completed,REF-981001,Farmer seed subsidy grant
DISB-3002,BEN-3002,45000.00,INR,2024-03-01T11:15:00.000Z,SCHEME-AGRI-2024,NEFT,Completed,REF-981002,Drip irrigation incentive
DISB-3003,BEN-3003,400000.00,INR,2024-03-02T09:30:00.000Z,SCHEME-INFRA-2024,RTGS,Completed,REF-981003,Contractor milestone advance 1
DISB-3004,BEN-3004,350000.00,INR,2024-03-02T10:00:00.000Z,SCHEME-INFRA-2024,RTGS,Completed,REF-981004,Contractor milestone advance 2
DISB-3005,BEN-3004,250000.00,INR,2024-03-03T14:20:00.000Z,SCHEME-INFRA-2024,NEFT,Completed,REF-981005,Material procurement reimbursement
DISB-3006,BEN-3005,150000.00,INR,2024-03-04T11:00:00.000Z,SCHEME-HEALTH-2024,Direct Transfer,Completed,REF-981006,Community health center grant
DISB-3007,BEN-3006,120000.00,INR,2024-03-04T11:45:00.000Z,SCHEME-HEALTH-2024,NEFT,Completed,REF-981007,Rural health clinic equipment
DISB-3008,BEN-3007,80000.00,INR,2024-03-05T15:10:00.000Z,SCHEME-VENDOR-2024,NEFT,Completed,REF-981008,IT infrastructure supply
DISB-3009,BEN-3008,30000.00,INR,2024-03-06T09:00:00.000Z,SCHEME-AGRI-2024,UPI,Completed,REF-981009,Crop insurance payout
DISB-3010,BEN-3009,35000.00,INR,2024-03-06T09:30:00.000Z,SCHEME-AGRI-2024,UPI,Completed,REF-981010,Fertilizer purchase grant
DISB-3011,BEN-3010,40000.00,INR,2024-03-07T10:15:00.000Z,SCHEME-VENDOR-2024,NEFT,Completed,REF-981011,Office stationery invoice
DISB-3012,BEN-3010,50000.00,INR,2024-03-08T16:00:00.000Z,SCHEME-VENDOR-2024,Direct Transfer,Completed,REF-981012,Printing services invoice
DISB-3013,BEN-3001,15000.00,INR,2024-03-09T11:00:00.000Z,SCHEME-AGRI-2024,Direct Transfer,Completed,REF-981013,Soil testing subsidy
DISB-3014,BEN-3002,20000.00,INR,2024-03-10T14:30:00.000Z,SCHEME-AGRI-2024,UPI,Completed,REF-981014,Solar pump installation bonus
DISB-3015,BEN-3003,150000.00,INR,2024-03-11T09:45:00.000Z,SCHEME-INFRA-2024,RTGS,Completed,REF-981015,Road surfacing completion payout
DISB-3016,BEN-3005,75000.00,INR,2024-03-12T12:00:00.000Z,SCHEME-HEALTH-2024,Direct Transfer,Completed,REF-981016,Vaccination drive funding
DISB-3017,BEN-3007,45000.00,INR,2024-03-13T10:30:00.000Z,SCHEME-VENDOR-2024,NEFT,Reversed,REF-981017,Returned payment due to verification hold
DISB-3018,BEN-3008,18000.00,INR,2024-03-14T15:00:00.000Z,SCHEME-AGRI-2024,UPI,Completed,REF-981018,Harvest disaster relief
DISB-3019,BEN-3009,22000.00,INR,2024-03-15T11:20:00.000Z,SCHEME-AGRI-2024,UPI,Completed,REF-981019,Tractor fuel subsidy
DISB-3020,BEN-3010,60000.00,INR,2024-03-16T14:10:00.000Z,SCHEME-VENDOR-2024,NEFT,Completed,REF-981020,Hardware maintenance payout
